work_date,month,month_number,season,shift_hours,forecasted_trailers,units_per_trailer,forecasted_units,starting_backlog_units,available_units,actual_headcount,required_headcount,labor_hours,stow_rate_uph,tph,units_per_face,quality_defects_per_1000,count_errors_per_1000,processed_units,ending_backlog_units,backlog_hours,labor_cost,cost_per_unit,staffing_gap,recommended_action
2026-01-01,Jan,1,Peak,10.0,27,13469,363663,10000,373663,163,170,1630.0,252.2,34942.3,13.0,3.41,1.49,349423,24240,0.59,35860.0,0.1026,7,Labor share
2026-01-02,Jan,1,Peak,10.0,29,13321,386309,24240,410549,177,186,1770.0,259.4,39026.7,13.7,1.88,1.4,390267,20282,0.44,39490.0,0.1012,9,Labor share
2026-01-03,Jan,1,Peak,10.0,29,10069,292001,20282,312283,180,142,1800.0,260.8,31228.3,13.1,1.53,1.29,312283,0,0.0,40480.0,0.1296,-38,Offer VTO
2026-01-04,Jan,1,Peak,10.0,21,13253,278313,0,278313,158,126,1580.0,247.9,27831.3,11.9,3.48,1.95,278313,0,0.0,34760.0,0.1249,-32,Offer VTO
2026-01-05,Jan,1,Peak,10.0,32,12800,409600,0,409600,178,186,1780.0,246.6,37310.6,11.7,3.05,1.85,373106,36494,0.83,39820.0,0.1067,8,Labor share
2026-01-06,Jan,1,Peak,10.0,38,11253,427614,36494,464108,185,211,1850.0,255.3,40145.9,12.6,2.97,1.59,401459,62649,1.33,42130.0,0.1049,26,Add OT
2026-01-07,Jan,1,Peak,10.0,32,10055,321760,62649,384409,172,174,1720.0,260.3,38055.9,13.4,1.0,1.2,380559,3850,0.09,37840.0,0.0994,2,Use flex-trained team
2026-01-08,Jan,1,Peak,10.0,30,12857,385710,3850,389560,161,177,1610.0,249.8,34185.1,13.2,2.52,1.48,341851,47709,1.19,35420.0,0.1036,16,Add OT
2026-01-09,Jan,1,Peak,10.0,31,11189,346859,47709,394568,171,179,1710.0,254.1,36933.4,13.3,2.23,2.16,369334,25234,0.58,37620.0,0.1019,8,Labor share
2026-01-10,Jan,1,Peak,10.0,28,11287,316036,25234,341270,171,155,1710.0,245.6,34127.0,11.5,2.56,1.44,341270,0,0.0,37620.0,0.1102,-16,Offer VTO
2026-01-11,Jan,1,Peak,10.0,25,12978,324450,0,324450,169,147,1690.0,264.1,32445.0,12.8,1.91,1.0,324450,0,0.0,37180.0,0.1146,-22,Offer VTO
2026-01-12,Jan,1,Peak,10.0,36,11144,401184,0,401184,171,182,1710.0,248.4,36104.9,13.1,2.41,1.56,361049,40135,0.94,37620.0,0.1042,11,Labor share
2026-01-13,Jan,1,Peak,10.0,33,11682,385506,40135,425641,184,193,1840.0,237.9,37207.6,10.8,3.76,1.38,372076,53565,1.22,41800.0,0.1123,9,Labor share
2026-01-14,Jan,1,Peak,10.0,26,13106,340756,53565,394321,173,179,1730.0,266.0,39115.3,13.1,2.51,1.87,391153,3168,0.07,38170.0,0.0976,6,Labor share
2026-01-15,Jan,1,Peak,10.0,27,12049,325323,3168,328491,163,149,1630.0,255.0,32849.1,11.6,3.06,1.12,328491,0,0.0,35860.0,0.1092,-14,Offer VTO
2026-01-16,Jan,1,Peak,10.0,25,11824,295600,0,295600,178,134,1780.0,256.4,29560.0,12.7,2.75,2.5,295600,0,0.0,39820.0,0.1347,-44,Offer VTO
2026-01-17,Jan,1,Peak,10.0,33,13555,447315,0,447315,172,203,1720.0,262.4,38362.9,12.8,2.89,2.26,383629,63686,1.41,37840.0,0.0986,31,Add OT
2026-01-18,Jan,1,Peak,10.0,26,11604,301704,63686,365390,178,166,1780.0,242.8,36539.0,10.7,2.14,1.56,365390,0,0.0,39820.0,0.109,-12,Offer VTO
2026-01-19,Jan,1,Peak,10.0,21,13632,286272,0,286272,172,130,1720.0,255.3,28627.2,11.1,3.12,1.1,286272,0,0.0,37840.0,0.1322,-42,Offer VTO
2026-01-20,Jan,1,Peak,10.0,35,11206,392210,0,392210,179,178,1790.0,281.7,39221.0,14.8,3.16,1.88,392210,0,0.0,40150.0,0.1024,-1,Quality audit
2026-01-21,Jan,1,Peak,10.0,19,13781,261839,0,261839,171,119,1710.0,279.9,26183.9,13.4,2.85,1.93,261839,0,0.0,37620.0,0.1437,-52,Offer VTO
2026-01-22,Jan,1,Peak,10.0,29,11522,334138,0,334138,176,152,1760.0,257.2,33413.8,13.2,1.93,0.85,334138,0,0.0,39160.0,0.1172,-24,Offer VTO
2026-01-23,Jan,1,Peak,10.0,34,10731,364854,0,364854,176,166,1760.0,279.0,36485.4,13.4,3.31,1.25,364854,0,0.0,39160.0,0.1073,-10,Offer VTO
2026-01-24,Jan,1,Peak,10.0,23,11865,272895,0,272895,168,124,1680.0,253.3,27289.5,13.9,2.08,2.03,272895,0,0.0,36960.0,0.1354,-44,Offer VTO
2026-01-25,Jan,1,Peak,10.0,29,11492,333268,0,333268,164,151,1640.0,256.3,33326.8,10.4,3.16,2.11,333268,0,0.0,36080.0,0.1083,-13,Offer VTO
2026-01-26,Jan,1,Peak,10.0,31,13450,416950,0,416950,168,189,1680.0,254.7,36371.2,10.4,2.81,1.89,363712,53238,1.24,36960.0,0.1016,21,Add OT
2026-01-27,Jan,1,Peak,10.0,36,12672,456192,53238,509430,169,231,1690.0,275.5,39575.6,13.6,2.06,1.56,395756,113674,2.44,37180.0,0.0939,62,Add OT
2026-01-28,Jan,1,Peak,10.0,30,12459,373770,113674,487444,164,221,1640.0,262.2,36550.7,13.3,2.65,1.28,365507,121937,2.84,36080.0,0.0987,57,Add OT
2026-01-29,Jan,1,Peak,10.0,24,12421,298104,121937,420041,182,191,1820.0,260.8,40345.8,11.9,2.73,1.62,403458,16583,0.35,41140.0,0.102,9,Labor share
2026-01-30,Jan,1,Peak,10.0,29,11025,319725,16583,336308,163,153,1630.0,253.9,33630.8,12.7,2.93,1.04,336308,0,0.0,35860.0,0.1066,-10,Offer VTO
2026-01-31,Jan,1,Peak,10.0,26,13165,342290,0,342290,166,155,1660.0,266.4,34229.0,13.6,2.08,2.5,342290,0,0.0,36520.0,0.1067,-11,Offer VTO
2026-02-01,Feb,2,Non-Peak,10.0,12,12536,150432,0,150432,64,69,640.0,268.6,14611.8,12.7,2.79,1.86,146118,4314,0.25,14080.0,0.0964,5,Labor share
2026-02-02,Feb,2,Non-Peak,10.0,17,10521,178857,4314,183171,81,83,810.0,262.7,18086.9,15.3,3.11,1.75,180869,2302,0.11,17820.0,0.0985,2,Use flex-trained team
2026-02-03,Feb,2,Non-Peak,10.0,13,10821,140673,2302,142975,83,65,830.0,259.4,14297.5,12.6,3.28,1.86,142975,0,0.0,18370.0,0.1285,-18,Offer VTO
2026-02-04,Feb,2,Non-Peak,10.0,15,13831,207465,0,207465,80,94,800.0,268.1,18230.8,14.4,3.05,2.11,182308,25157,1.17,17600.0,0.0965,14,Add OT
2026-02-05,Feb,2,Non-Peak,10.0,11,12837,141207,25157,166364,88,76,880.0,254.6,16636.4,14.2,3.18,2.01,166364,0,0.0,20020.0,0.1203,-12,Offer VTO
2026-02-06,Feb,2,Non-Peak,10.0,19,11771,223649,0,223649,83,102,830.0,270.7,19097.9,13.3,2.83,1.31,190979,32670,1.45,18370.0,0.0962,19,Add OT
2026-02-07,Feb,2,Non-Peak,10.0,9,12538,112842,32670,145512,72,66,720.0,237.0,14504.4,10.8,3.62,1.95,145044,468,0.03,15840.0,0.1092,-6,Quality audit
2026-02-08,Feb,2,Non-Peak,10.0,15,11696,175440,468,175908,71,80,710.0,262.1,15817.7,14.5,3.54,1.28,158177,17731,0.95,15620.0,0.0988,9,Labor share
2026-02-09,Feb,2,Non-Peak,10.0,14,13085,183190,17731,200921,81,91,810.0,244.1,16806.3,12.5,3.87,1.74,168063,32858,1.66,17820.0,0.106,10,Labor share
2026-02-10,Feb,2,Non-Peak,10.0,12,12795,153540,32858,186398,75,85,750.0,272.4,17365.5,14.2,2.14,1.26,173655,12743,0.62,16500.0,0.095,10,Labor share
2026-02-11,Feb,2,Non-Peak,10.0,17,12513,212721,12743,225464,85,103,850.0,268.7,19413.6,13.0,2.37,2.82,194136,31328,1.37,19030.0,0.098,18,Add OT
2026-02-12,Feb,2,Non-Peak,10.0,11,13884,152724,31328,184052,85,84,850.0,275.8,18405.2,14.2,2.87,1.63,184052,0,0.0,19030.0,0.1034,-1,Maintain plan
2026-02-13,Feb,2,Non-Peak,10.0,12,11683,140196,0,140196,78,64,780.0,263.8,14019.6,12.0,2.57,2.19,140196,0,0.0,17160.0,0.1224,-14,Offer VTO
2026-02-14,Feb,2,Non-Peak,10.0,11,11954,131494,0,131494,73,60,730.0,258.4,13149.4,13.1,4.19,1.43,131494,0,0.0,16060.0,0.1221,-13,Offer VTO
2026-02-15,Feb,2,Non-Peak,10.0,10,15000,150000,0,150000,81,68,810.0,275.5,15000.0,13.9,2.74,2.46,150000,0,0.0,17820.0,0.1188,-13,Offer VTO
2026-02-16,Feb,2,Non-Peak,10.0,12,12568,150816,0,150816,86,69,860.0,268.7,15081.6,12.7,2.55,1.51,150816,0,0.0,19360.0,0.1284,-17,Offer VTO
2026-02-17,Feb,2,Non-Peak,10.0,14,12162,170268,0,170268,79,78,790.0,257.5,17026.8,12.7,2.58,1.82,170268,0,0.0,17380.0,0.1021,-1,Maintain plan
2026-02-18,Feb,2,Non-Peak,10.0,15,11849,177735,0,177735,72,81,720.0,265.5,16248.6,13.6,2.06,1.83,162486,15249,0.8,15840.0,0.0975,9,Labor share
2026-02-19,Feb,2,Non-Peak,10.0,9,11739,105651,15249,120900,85,55,850.0,256.6,12090.0,12.4,2.36,1.62,120900,0,0.0,19030.0,0.1574,-30,Offer VTO
2026-02-20,Feb,2,Non-Peak,10.0,12,13761,165132,0,165132,88,75,880.0,271.2,16513.2,13.6,2.9,1.07,165132,0,0.0,20020.0,0.1212,-13,Offer VTO
2026-02-21,Feb,2,Non-Peak,10.0,15,12513,187695,0,187695,59,85,590.0,250.0,12537.5,13.8,3.27,2.36,125375,62320,4.23,12980.0,0.1035,26,Add OT
2026-02-22,Feb,2,Non-Peak,10.0,13,11677,151801,62320,214121,77,97,770.0,246.9,16159.6,12.6,3.69,1.53,161596,52525,2.76,16940.0,0.1048,20,Add OT
2026-02-23,Feb,2,Non-Peak,10.0,14,12162,170268,52525,222793,85,101,850.0,270.5,19543.6,15.4,2.12,2.1,195436,27357,1.19,19030.0,0.0974,16,Add OT
2026-02-24,Feb,2,Non-Peak,10.0,13,12198,158574,27357,185931,75,85,750.0,268.1,17091.4,15.0,1.71,2.25,170914,15017,0.75,16500.0,0.0965,10,Labor share
2026-02-25,Feb,2,Non-Peak,10.0,11,10503,115533,15017,130550,78,60,780.0,246.5,13055.0,12.4,3.18,1.39,130550,0,0.0,17160.0,0.1314,-18,Offer VTO
2026-02-26,Feb,2,Non-Peak,10.0,12,10026,120312,0,120312,79,55,790.0,254.9,12031.2,12.4,2.46,0.93,120312,0,0.0,17380.0,0.1445,-24,Offer VTO
2026-02-27,Feb,2,Non-Peak,10.0,12,12149,145788,0,145788,86,66,860.0,246.7,14578.8,10.0,2.28,2.1,145788,0,0.0,19360.0,0.1328,-20,Offer VTO
2026-02-28,Feb,2,Non-Peak,10.0,11,12173,133903,0,133903,67,61,670.0,276.6,13390.3,14.2,2.61,1.38,133903,0,0.0,14740.0,0.1101,-6,Maintain plan
2026-03-01,Mar,3,Non-Peak,10.0,16,11379,182064,0,182064,68,83,680.0,253.4,14646.5,11.1,3.33,0.99,146465,35599,2.07,14960.0,0.1021,15,Add OT
2026-03-02,Mar,3,Non-Peak,10.0,10,13347,133470,35599,169069,76,77,760.0,247.3,15975.6,12.7,3.02,0.5,159756,9313,0.5,16720.0,0.1047,1,Maintain plan
2026-03-03,Mar,3,Non-Peak,10.0,16,11358,181728,9313,191041,77,87,770.0,258.7,16931.9,13.3,2.15,2.93,169319,21722,1.09,16940.0,0.1,10,Labor share
2026-03-04,Mar,3,Non-Peak,10.0,12,13168,158016,21722,179738,82,82,820.0,249.4,17383.2,12.4,1.93,1.73,173832,5906,0.29,18040.0,0.1038,0,Maintain plan
2026-03-05,Mar,3,Non-Peak,10.0,10,12274,122740,5906,128646,82,59,820.0,259.0,12864.6,14.3,2.89,1.08,128646,0,0.0,18040.0,0.1402,-23,Offer VTO
2026-03-06,Mar,3,Non-Peak,10.0,10,12347,123470,0,123470,77,56,770.0,252.5,12347.0,11.6,3.12,1.78,123470,0,0.0,16940.0,0.1372,-21,Offer VTO
2026-03-07,Mar,3,Non-Peak,10.0,10,12180,121800,0,121800,74,56,740.0,251.6,12180.0,11.6,2.79,2.2,121800,0,0.0,16280.0,0.1337,-18,Offer VTO
2026-03-08,Mar,3,Non-Peak,10.0,10,13811,138110,0,138110,71,63,710.0,265.4,13811.0,13.3,3.06,0.82,138110,0,0.0,15620.0,0.1131,-8,Maintain plan
2026-03-09,Mar,3,Non-Peak,10.0,16,13168,210688,0,210688,78,96,780.0,250.6,16614.8,11.2,2.27,2.06,166148,44540,2.28,17160.0,0.1033,18,Add OT
2026-03-10,Mar,3,Non-Peak,10.0,9,12200,109800,44540,154340,81,70,810.0,264.4,15434.0,13.7,3.3,1.76,154340,0,0.0,17820.0,0.1155,-11,Offer VTO
2026-03-11,Mar,3,Non-Peak,10.0,10,13087,130870,0,130870,72,60,720.0,276.1,13087.0,12.4,2.51,1.73,130870,0,0.0,15840.0,0.121,-12,Offer VTO
2026-03-12,Mar,3,Non-Peak,10.0,14,12025,168350,0,168350,82,77,820.0,287.9,16835.0,14.7,1.72,1.13,168350,0,0.0,18040.0,0.1072,-5,Maintain plan
2026-03-13,Mar,3,Non-Peak,10.0,14,13717,192038,0,192038,78,87,780.0,273.0,18099.9,13.3,2.5,2.6,180999,11039,0.52,17160.0,0.0948,9,Labor share
2026-03-14,Mar,3,Non-Peak,10.0,15,10702,160530,11039,171569,68,78,680.0,263.9,15253.4,12.1,2.34,1.38,152534,19035,1.06,14960.0,0.0981,10,Labor share
2026-03-15,Mar,3,Non-Peak,10.0,12,13002,156024,19035,175059,78,80,780.0,267.6,17505.9,14.4,1.35,1.42,175059,0,0.0,17160.0,0.098,2,Use flex-trained team
2026-03-16,Mar,3,Non-Peak,10.0,11,12547,138017,0,138017,70,63,700.0,253.9,13801.7,13.2,2.37,2.06,138017,0,0.0,15400.0,0.1116,-7,Maintain plan
2026-03-17,Mar,3,Non-Peak,10.0,13,11309,147017,0,147017,86,67,860.0,258.8,14701.7,12.5,2.12,1.53,147017,0,0.0,19360.0,0.1317,-19,Offer VTO
2026-03-18,Mar,3,Non-Peak,10.0,14,11041,154574,0,154574,74,70,740.0,241.8,15209.2,11.1,2.28,1.73,152092,2482,0.14,16280.0,0.107,-4,UPF coaching
2026-03-19,Mar,3,Non-Peak,10.0,16,11563,185008,2482,187490,82,85,820.0,260.5,18156.8,14.0,2.64,1.51,181568,5922,0.28,18040.0,0.0994,3,Use flex-trained team
2026-03-20,Mar,3,Non-Peak,10.0,12,13401,160812,5922,166734,87,76,870.0,244.6,16673.4,12.1,2.58,1.75,166734,0,0.0,19690.0,0.1181,-11,Offer VTO
2026-03-21,Mar,3,Non-Peak,10.0,11,14092,155012,0,155012,70,71,700.0,255.8,15220.1,14.0,2.52,1.32,152201,2811,0.16,15400.0,0.1012,1,Maintain plan
2026-03-22,Mar,3,Non-Peak,10.0,13,11532,149916,2811,152727,75,70,750.0,273.7,15272.7,14.9,2.61,1.97,152727,0,0.0,16500.0,0.108,-5,Maintain plan
2026-03-23,Mar,3,Non-Peak,10.0,13,12669,164697,0,164697,83,75,830.0,239.1,16469.7,11.1,3.03,1.5,164697,0,0.0,18370.0,0.1115,-8,UPF coaching
2026-03-24,Mar,3,Non-Peak,10.0,13,12822,166686,0,166686,75,76,750.0,269.5,16668.6,12.1,3.0,1.57,166686,0,0.0,16500.0,0.099,1,Maintain plan
2026-03-25,Mar,3,Non-Peak,10.0,13,12483,162279,0,162279,80,74,800.0,259.3,16227.9,13.1,1.84,1.9,162279,0,0.0,17600.0,0.1085,-6,Maintain plan
2026-03-26,Mar,3,Non-Peak,10.0,18,10950,197100,0,197100,70,90,700.0,266.9,15880.6,14.1,2.67,1.95,158806,38294,2.05,15400.0,0.097,20,Add OT
2026-03-27,Mar,3,Non-Peak,10.0,14,10769,150766,38294,189060,79,86,790.0,278.0,18667.7,13.7,2.02,1.93,186677,2383,0.11,17380.0,0.0931,7,Labor share
2026-03-28,Mar,3,Non-Peak,10.0,15,11229,168435,2383,170818,65,78,650.0,270.4,14939.6,13.5,2.37,1.71,149396,21422,1.22,14300.0,0.0957,13,Add OT
2026-03-29,Mar,3,Non-Peak,10.0,12,12852,154224,21422,175646,69,80,690.0,251.8,14768.1,10.8,3.45,1.2,147681,27965,1.61,15180.0,0.1028,11,Labor share
2026-03-30,Mar,3,Non-Peak,10.0,15,12637,189555,27965,217520,86,99,860.0,249.3,18223.8,12.7,1.39,1.61,182238,35282,1.65,19360.0,0.1062,13,Add OT
2026-03-31,Mar,3,Non-Peak,10.0,6,13314,79884,35282,115166,82,53,820.0,258.6,11516.6,11.5,3.62,0.94,115166,0,0.0,18040.0,0.1566,-29,Offer VTO
2026-04-01,Apr,4,Non-Peak,10.0,10,11509,115090,0,115090,76,53,760.0,259.4,11509.0,12.6,3.44,1.28,115090,0,0.0,16720.0,0.1453,-23,Offer VTO
2026-04-02,Apr,4,Non-Peak,10.0,12,12732,152784,0,152784,81,70,810.0,272.9,15278.4,12.8,2.43,2.13,152784,0,0.0,17820.0,0.1166,-11,Offer VTO
2026-04-03,Apr,4,Non-Peak,10.0,14,11124,155736,0,155736,83,71,830.0,262.3,15573.6,12.4,3.33,1.69,155736,0,0.0,18370.0,0.118,-12,Offer VTO
2026-04-04,Apr,4,Non-Peak,10.0,9,13102,117918,0,117918,73,54,730.0,252.1,11791.8,12.5,1.98,2.11,117918,0,0.0,16060.0,0.1362,-19,Offer VTO
2026-04-05,Apr,4,Non-Peak,10.0,13,12237,159081,0,159081,62,72,620.0,273.5,14413.4,13.2,3.06,1.99,144134,14947,0.88,13640.0,0.0946,10,Labor share
2026-04-06,Apr,4,Non-Peak,10.0,13,13287,172731,14947,187678,80,85,800.0,254.7,17319.6,14.2,2.18,1.05,173196,14482,0.71,17600.0,0.1016,5,Labor share
2026-04-07,Apr,4,Non-Peak,10.0,12,11841,142092,14482,156574,85,71,850.0,268.6,15657.4,14.2,1.6,1.43,156574,0,0.0,19030.0,0.1215,-14,Offer VTO
2026-04-08,Apr,4,Non-Peak,10.0,13,12183,158379,0,158379,90,72,900.0,263.0,15837.9,14.0,2.26,1.52,158379,0,0.0,20680.0,0.1306,-18,Offer VTO
2026-04-09,Apr,4,Non-Peak,10.0,13,11477,149201,0,149201,85,68,850.0,255.5,14920.1,12.4,2.23,1.36,149201,0,0.0,19030.0,0.1275,-17,Offer VTO
2026-04-10,Apr,4,Non-Peak,10.0,14,13661,191254,0,191254,79,87,790.0,260.0,17459.0,12.1,2.62,1.04,174590,16664,0.81,17380.0,0.0995,8,Labor share
2026-04-11,Apr,4,Non-Peak,10.0,12,12742,152904,16664,169568,77,77,770.0,255.5,16722.5,12.2,1.53,1.63,167225,2343,0.12,16940.0,0.1013,0,UPF coaching
2026-04-12,Apr,4,Non-Peak,10.0,12,13366,160392,2343,162735,76,74,760.0,246.3,15911.0,12.7,3.0,2.63,159110,3625,0.19,16720.0,0.1051,-2,Quality audit
2026-04-13,Apr,4,Non-Peak,10.0,11,13608,149688,3625,153313,84,70,840.0,253.3,15331.3,13.0,1.87,2.38,153313,0,0.0,18700.0,0.122,-14,Offer VTO
2026-04-14,Apr,4,Non-Peak,10.0,12,12038,144456,0,144456,85,66,850.0,240.8,14445.6,10.9,3.69,1.91,144456,0,0.0,19030.0,0.1317,-19,Offer VTO
2026-04-15,Apr,4,Non-Peak,10.0,12,12831,153972,0,153972,76,70,760.0,259.3,15397.2,14.1,2.45,1.87,153972,0,0.0,16720.0,0.1086,-6,Maintain plan
2026-04-16,Apr,4,Non-Peak,10.0,17,13104,222768,0,222768,71,101,710.0,284.9,17193.7,15.6,1.88,1.41,171937,50831,2.51,15620.0,0.0908,30,Add OT
2026-04-17,Apr,4,Non-Peak,10.0,16,11029,176464,50831,227295,83,103,830.0,271.0,19119.0,14.0,2.05,1.79,191190,36105,1.61,18370.0,0.0961,20,Add OT
2026-04-18,Apr,4,Non-Peak,10.0,13,12220,158860,36105,194965,73,89,730.0,247.0,15326.4,11.7,2.27,1.87,153264,41701,2.31,16060.0,0.1048,16,Add OT
2026-04-19,Apr,4,Non-Peak,10.0,14,12324,172536,41701,214237,76,97,760.0,268.1,17319.3,13.4,3.86,2.7,173193,41044,2.01,16720.0,0.0965,21,Add OT
2026-04-20,Apr,4,Non-Peak,10.0,7,13201,92407,41044,133451,74,61,740.0,255.0,13345.1,12.6,2.98,1.21,133451,0,0.0,16280.0,0.122,-13,Offer VTO
2026-04-21,Apr,4,Non-Peak,10.0,12,11652,139824,0,139824,77,64,770.0,266.7,13982.4,13.9,1.77,1.13,139824,0,0.0,16940.0,0.1212,-13,Offer VTO
2026-04-22,Apr,4,Non-Peak,10.0,9,12499,112491,0,112491,80,51,800.0,262.8,11249.1,14.4,2.85,1.74,112491,0,0.0,17600.0,0.1565,-29,Offer VTO
2026-04-23,Apr,4,Non-Peak,10.0,16,11432,182912,0,182912,75,83,750.0,250.4,15963.0,12.1,3.56,1.63,159630,23282,1.24,16500.0,0.1034,8,Labor share
2026-04-24,Apr,4,Non-Peak,10.0,19,11038,209722,23282,233004,87,106,870.0,252.8,18694.6,13.2,2.29,2.0,186946,46058,2.09,19690.0,0.1053,19,Add OT
2026-04-25,Apr,4,Non-Peak,10.0,8,10431,83448,46058,129506,82,59,820.0,265.4,12950.6,11.4,1.66,0.59,129506,0,0.0,18040.0,0.1393,-23,Offer VTO
2026-04-26,Apr,4,Non-Peak,10.0,12,13077,156924,0,156924,74,72,740.0,252.7,15692.4,12.1,2.72,2.06,156924,0,0.0,16280.0,0.1037,-2,UPF coaching
2026-04-27,Apr,4,Non-Peak,10.0,14,12249,171486,0,171486,81,78,810.0,260.4,17148.6,13.4,3.02,1.41,171486,0,0.0,17820.0,0.1039,-3,Maintain plan
2026-04-28,Apr,4,Non-Peak,10.0,11,12644,139084,0,139084,70,63,700.0,268.8,13908.4,11.4,2.04,2.08,139084,0,0.0,15400.0,0.1107,-7,Maintain plan
2026-04-29,Apr,4,Non-Peak,10.0,15,12821,192315,0,192315,76,88,760.0,264.9,17112.5,12.9,2.31,2.15,171125,21190,1.05,16720.0,0.0977,12,Add OT
2026-04-30,Apr,4,Non-Peak,10.0,11,11882,130702,21190,151892,94,69,940.0,260.6,15189.2,11.7,1.99,1.78,151892,0,0.0,22000.0,0.1448,-25,Offer VTO
2026-05-01,May,5,Non-Peak,10.0,18,12291,221238,0,221238,84,101,840.0,269.5,19242.3,14.0,2.71,2.04,192423,28815,1.27,18700.0,0.0972,17,Add OT
2026-05-02,May,5,Non-Peak,10.0,13,11692,151996,28815,180811,75,82,750.0,263.6,16804.5,15.6,3.56,1.77,168045,12766,0.65,16500.0,0.0982,7,Labor share
2026-05-03,May,5,Non-Peak,10.0,15,10972,164580,12766,177346,79,81,790.0,267.8,17734.6,14.2,2.23,2.28,177346,0,0.0,17380.0,0.098,2,Use flex-trained team
2026-05-04,May,5,Non-Peak,10.0,14,12840,179760,0,179760,88,82,880.0,265.9,17976.0,14.2,3.19,1.72,179760,0,0.0,20020.0,0.1114,-6,Maintain plan
2026-05-05,May,5,Non-Peak,10.0,14,12013,168182,0,168182,74,77,740.0,267.9,16818.2,14.4,2.28,1.92,168182,0,0.0,16280.0,0.0968,3,Use flex-trained team
2026-05-06,May,5,Non-Peak,10.0,12,12300,147600,0,147600,80,67,800.0,255.7,14760.0,14.1,2.52,2.49,147600,0,0.0,17600.0,0.1192,-13,Offer VTO
2026-05-07,May,5,Non-Peak,10.0,14,12899,180586,0,180586,80,82,800.0,266.5,18058.6,12.3,2.72,2.45,180586,0,0.0,17600.0,0.0975,2,Quality audit
2026-05-08,May,5,Non-Peak,10.0,14,11872,166208,0,166208,80,76,800.0,277.9,16620.8,13.1,2.75,0.87,166208,0,0.0,17600.0,0.1059,-4,Maintain plan
2026-05-09,May,5,Non-Peak,10.0,15,12415,186225,0,186225,72,85,720.0,268.2,16413.8,14.1,3.05,1.98,164138,22087,1.14,15840.0,0.0965,13,Add OT
2026-05-10,May,5,Non-Peak,10.0,14,12597,176358,22087,198445,64,90,640.0,254.7,13855.7,14.6,2.41,1.25,138557,59888,3.67,14080.0,0.1016,26,Add OT
2026-05-11,May,5,Non-Peak,10.0,13,12020,156260,59888,216148,91,98,910.0,250.0,19337.5,12.9,3.17,1.13,193375,22773,1.0,21010.0,0.1086,7,Labor share
2026-05-12,May,5,Non-Peak,10.0,14,10833,151662,22773,174435,76,79,760.0,267.9,17306.3,15.0,2.2,1.03,173063,1372,0.07,16720.0,0.0966,3,Use flex-trained team
2026-05-13,May,5,Non-Peak,10.0,14,10850,151900,1372,153272,81,70,810.0,260.4,15327.2,12.8,2.54,1.56,153272,0,0.0,17820.0,0.1163,-11,Offer VTO
2026-05-14,May,5,Non-Peak,10.0,13,12719,165347,0,165347,82,75,820.0,253.1,16534.7,14.1,2.4,1.87,165347,0,0.0,18040.0,0.1091,-7,Maintain plan
2026-05-15,May,5,Non-Peak,10.0,17,12136,206312,0,206312,84,94,840.0,266.9,19056.7,11.9,3.09,0.54,190567,15745,0.7,18700.0,0.0981,10,Labor share
2026-05-16,May,5,Non-Peak,10.0,11,10948,120428,15745,136173,72,62,720.0,284.6,13617.3,13.2,2.0,1.17,136173,0,0.0,15840.0,0.1163,-10,Offer VTO
2026-05-17,May,5,Non-Peak,10.0,16,13210,211360,0,211360,81,96,810.0,254.7,17536.1,12.1,2.55,1.8,175361,35999,1.74,17820.0,0.1016,15,Add OT
2026-05-18,May,5,Non-Peak,10.0,16,12659,202544,35999,238543,87,108,870.0,258.3,19101.3,14.3,2.99,1.48,191013,47530,2.12,19690.0,0.1031,21,Add OT
2026-05-19,May,5,Non-Peak,10.0,14,11247,157458,47530,204988,86,93,860.0,255.6,18684.4,12.3,2.54,1.53,186844,18144,0.83,19360.0,0.1036,7,Labor share
2026-05-20,May,5,Non-Peak,10.0,16,12321,197136,18144,215280,80,98,800.0,248.9,16925.2,11.4,3.22,1.71,169252,46028,2.31,17600.0,0.104,18,Add OT
2026-05-21,May,5,Non-Peak,10.0,15,11529,172935,46028,218963,76,100,760.0,260.5,16828.3,11.8,2.21,0.9,168283,50680,2.56,16720.0,0.0994,24,Add OT
2026-05-22,May,5,Non-Peak,10.0,14,10969,153566,50680,204246,79,93,790.0,269.6,18103.6,12.7,2.05,1.49,181036,23210,1.09,17380.0,0.096,14,Add OT
2026-05-23,May,5,Non-Peak,10.0,21,10067,211407,23210,234617,73,107,730.0,266.4,16530.1,13.7,3.5,1.62,165301,69316,3.56,16060.0,0.0972,34,Add OT
2026-05-24,May,5,Non-Peak,10.0,12,12843,154116,69316,223432,75,102,750.0,264.9,16887.4,13.1,3.34,0.93,168874,54558,2.75,16500.0,0.0977,27,Add OT
2026-05-25,May,5,Non-Peak,10.0,18,12713,228834,54558,283392,85,129,850.0,266.5,19254.6,12.7,2.67,1.41,192546,90846,4.01,19030.0,0.0988,44,Add OT
2026-05-26,May,5,Non-Peak,10.0,14,11749,164486,90846,255332,88,116,880.0,268.6,20091.3,13.5,1.16,2.15,200913,54419,2.3,20020.0,0.0996,28,Add OT
2026-05-27,May,5,Non-Peak,10.0,13,12665,164645,54419,219064,93,100,930.0,259.0,20474.0,14.3,3.05,1.4,204740,14324,0.59,21670.0,0.1058,7,Labor share
2026-05-28,May,5,Non-Peak,10.0,10,11774,117740,14324,132064,77,60,770.0,252.0,13206.4,12.9,2.41,1.74,132064,0,0.0,16940.0,0.1283,-17,Offer VTO
2026-05-29,May,5,Non-Peak,10.0,11,11682,128502,0,128502,84,59,840.0,261.6,12850.2,12.7,3.27,1.5,128502,0,0.0,18700.0,0.1455,-25,Offer VTO
2026-05-30,May,5,Non-Peak,10.0,10,12161,121610,0,121610,73,56,730.0,266.6,12161.0,13.7,1.92,1.89,121610,0,0.0,16060.0,0.1321,-17,Offer VTO
2026-05-31,May,5,Non-Peak,10.0,16,11661,186576,0,186576,77,85,770.0,252.3,16513.0,12.5,1.0,1.69,165130,21446,1.1,16940.0,0.1026,8,Labor share
2026-06-01,Jun,6,Non-Peak,10.0,13,12222,158886,21446,180332,73,82,730.0,220.3,13669.6,11.4,4.19,0.83,136696,43636,2.71,16060.0,0.1175,9,Add OT
2026-06-02,Jun,6,Non-Peak,10.0,8,13652,109216,43636,152852,83,70,830.0,239.6,15285.2,10.6,3.48,2.77,152852,0,0.0,18370.0,0.1202,-13,Offer VTO
2026-06-03,Jun,6,Non-Peak,10.0,16,11315,181040,0,181040,88,82,880.0,263.7,18104.0,13.5,2.79,1.17,181040,0,0.0,20020.0,0.1106,-6,Maintain plan
2026-06-04,Jun,6,Non-Peak,10.0,16,11947,191152,0,191152,81,87,810.0,256.1,17632.5,11.7,3.28,1.09,176325,14827,0.71,17820.0,0.1011,6,Labor share
2026-06-05,Jun,6,Non-Peak,10.0,9,12572,113148,14827,127975,80,58,800.0,252.4,12797.5,11.6,3.17,1.76,127975,0,0.0,17600.0,0.1375,-22,Offer VTO
2026-06-06,Jun,6,Non-Peak,10.0,15,11229,168435,0,168435,73,77,730.0,242.9,15071.9,11.7,1.93,0.95,150719,17716,1.0,16060.0,0.1066,4,UPF coaching
2026-06-07,Jun,6,Non-Peak,10.0,15,13493,202395,17716,220111,78,100,780.0,261.3,17324.2,13.4,2.81,1.26,173242,46869,2.3,17160.0,0.0991,22,Add OT
2026-06-08,Jun,6,Non-Peak,10.0,8,12874,102992,46869,149861,86,68,860.0,271.5,14986.1,12.7,2.83,1.46,149861,0,0.0,19360.0,0.1292,-18,Offer VTO
2026-06-09,Jun,6,Non-Peak,10.0,17,12021,204357,0,204357,79,93,790.0,265.8,17848.5,13.4,2.4,2.53,178485,25872,1.23,17380.0,0.0974,14,Add OT
2026-06-10,Jun,6,Non-Peak,10.0,12,13628,163536,25872,189408,78,86,780.0,239.8,15898.7,11.8,3.06,1.59,158987,30421,1.63,17160.0,0.1079,8,Labor share
2026-06-11,Jun,6,Non-Peak,10.0,15,11445,171675,30421,202096,76,92,760.0,255.7,16518.2,12.4,2.52,1.51,165182,36914,1.9,16720.0,0.1012,16,Add OT
2026-06-12,Jun,6,Non-Peak,10.0,15,11580,173700,36914,210614,87,96,870.0,263.6,19493.2,12.4,2.14,1.16,194932,15682,0.68,19690.0,0.101,9,Labor share
2026-06-13,Jun,6,Non-Peak,10.0,11,11485,126335,15682,142017,73,65,730.0,251.6,14201.7,13.3,2.5,1.92,142017,0,0.0,16060.0,0.1131,-8,Maintain plan
2026-06-14,Jun,6,Non-Peak,10.0,7,13448,94136,0,94136,78,43,780.0,253.3,9413.6,13.1,2.63,1.6,94136,0,0.0,17160.0,0.1823,-35,Offer VTO
2026-06-15,Jun,6,Non-Peak,10.0,14,12002,168028,0,168028,77,77,770.0,267.6,16802.8,14.4,2.91,1.03,168028,0,0.0,16940.0,0.1008,0,Maintain plan
2026-06-16,Jun,6,Non-Peak,10.0,10,10814,108140,0,108140,82,49,820.0,263.5,10814.0,14.0,2.77,2.25,108140,0,0.0,18040.0,0.1668,-33,Offer VTO
2026-06-17,Jun,6,Non-Peak,10.0,13,11697,152061,0,152061,85,69,850.0,257.1,15206.1,13.4,2.77,1.58,152061,0,0.0,19030.0,0.1251,-16,Offer VTO
2026-06-18,Jun,6,Non-Peak,10.0,17,11570,196690,0,196690,83,89,830.0,247.7,17475.2,13.8,3.01,1.5,174752,21938,1.07,18370.0,0.1051,6,Labor share
2026-06-19,Jun,6,Non-Peak,10.0,14,11140,155960,21938,177898,79,81,790.0,280.2,17789.8,13.5,2.26,1.06,177898,0,0.0,17380.0,0.0977,2,Use flex-trained team
2026-06-20,Jun,6,Non-Peak,10.0,19,9936,188784,0,188784,80,86,800.0,262.3,17836.4,12.0,1.63,1.9,178364,10420,0.5,17600.0,0.0987,6,Labor share
2026-06-21,Jun,6,Non-Peak,10.0,17,11953,203201,10420,213621,72,97,720.0,243.9,14926.7,13.1,3.56,2.13,149267,64354,3.66,15840.0,0.1061,25,Add OT
2026-06-22,Jun,6,Non-Peak,10.0,14,12929,181006,64354,245360,76,112,760.0,255.3,16492.4,12.5,2.41,1.55,164924,80436,4.15,16720.0,0.1014,36,Add OT
2026-06-23,Jun,6,Non-Peak,10.0,13,11993,155909,80436,236345,88,107,880.0,255.6,19118.9,14.0,3.06,2.29,191189,45156,2.01,20020.0,0.1047,19,Add OT
2026-06-24,Jun,6,Non-Peak,10.0,12,11405,136860,45156,182016,88,83,880.0,272.5,18201.6,12.9,3.49,0.87,182016,0,0.0,20020.0,0.11,-5,Maintain plan
2026-06-25,Jun,6,Non-Peak,10.0,13,11746,152698,0,152698,88,70,880.0,249.9,15269.8,14.5,2.93,1.66,152698,0,0.0,20020.0,0.1311,-18,Offer VTO
2026-06-26,Jun,6,Non-Peak,10.0,12,14721,176652,0,176652,77,80,770.0,255.5,16722.5,13.3,2.51,2.47,167225,9427,0.48,16940.0,0.1013,3,Use flex-trained team
2026-06-27,Jun,6,Non-Peak,10.0,14,13522,189308,9427,198735,80,90,800.0,255.1,17346.8,12.4,1.71,1.45,173468,25267,1.24,17600.0,0.1015,10,Labor share
2026-06-28,Jun,6,Non-Peak,10.0,15,13377,200655,25267,225922,77,103,770.0,237.4,15537.8,11.5,3.3,2.01,155378,70544,3.86,16940.0,0.109,26,Add OT
2026-06-29,Jun,6,Non-Peak,10.0,14,11901,166614,70544,237158,78,108,780.0,260.2,17251.3,13.6,1.6,1.65,172513,64645,3.19,17160.0,0.0995,30,Add OT
2026-06-30,Jun,6,Non-Peak,10.0,13,12341,160433,64645,225078,77,102,770.0,258.2,16899.2,13.0,3.29,1.14,168992,56086,2.82,16940.0,0.1002,25,Add OT
2026-07-01,Jul,7,Non-Peak,10.0,20,10796,215920,56086,272006,80,124,800.0,252.8,17190.4,12.7,2.66,1.65,171904,100102,4.95,17600.0,0.1024,44,Add OT
2026-07-02,Jul,7,Non-Peak,10.0,10,13383,133830,100102,233932,85,106,850.0,262.8,18987.3,14.2,3.61,1.13,189873,44059,1.97,19030.0,0.1002,21,Add OT
2026-07-03,Jul,7,Non-Peak,10.0,15,14353,215295,44059,259354,84,118,840.0,260.5,18599.7,12.5,2.84,1.45,185997,73357,3.35,18700.0,0.1005,34,Add OT
2026-07-04,Jul,7,Non-Peak,10.0,21,10919,229299,73357,302656,79,137,790.0,265.3,17814.9,14.0,1.98,1.71,178149,124507,5.94,17380.0,0.0976,58,Add OT
2026-07-05,Jul,7,Non-Peak,10.0,13,12311,160043,124507,284550,71,129,710.0,253.8,15316.8,12.8,3.59,1.5,153168,131382,7.29,15620.0,0.102,58,Add OT
2026-07-06,Jul,7,Non-Peak,10.0,17,11084,188428,131382,319810,77,145,770.0,255.3,16709.4,12.3,3.01,1.79,167094,152716,7.77,16940.0,0.1014,68,Add OT
2026-07-07,Jul,7,Non-Peak,10.0,13,13029,169377,152716,322093,71,146,710.0,258.6,15606.5,13.0,2.78,2.35,156065,166028,9.04,15620.0,0.1001,75,Add OT
2026-07-08,Jul,7,Non-Peak,10.0,16,12836,205376,166028,371404,73,169,730.0,261.1,16201.3,12.8,2.35,0.98,162013,209391,10.99,16060.0,0.0991,96,Add OT
2026-07-09,Jul,7,Non-Peak,10.0,11,11745,129195,209391,338586,80,154,800.0,244.6,16632.8,11.9,2.24,1.06,166328,172258,8.8,17600.0,0.1058,74,Add OT
2026-07-10,Jul,7,Non-Peak,10.0,14,12810,179340,172258,351598,84,160,840.0,276.9,19770.7,14.9,2.33,1.58,197707,153891,6.62,18700.0,0.0946,76,Add OT
2026-07-11,Jul,7,Non-Peak,10.0,17,11579,196843,153891,350734,82,159,820.0,257.3,17933.8,12.8,2.43,2.0,179338,171396,8.12,18040.0,0.1006,77,Add OT
2026-07-12,Jul,7,Non-Peak,10.0,15,11418,171270,171396,342666,82,156,820.0,259.4,18080.2,10.7,2.43,1.8,180802,161864,7.61,18040.0,0.0998,74,Add OT
2026-07-13,Jul,7,Non-Peak,10.0,12,13262,159144,161864,321008,74,146,740.0,260.1,16360.3,12.4,2.62,1.15,163603,157405,8.18,16280.0,0.0995,72,Add OT
2026-07-14,Jul,7,Non-Peak,10.0,11,13152,144672,157405,302077,78,137,780.0,253.0,16773.9,11.9,1.6,1.86,167739,134338,6.81,17160.0,0.1023,59,Add OT
2026-07-15,Jul,7,Non-Peak,10.0,18,10761,193698,134338,328036,82,149,820.0,239.7,16707.1,12.2,2.56,2.5,167071,160965,8.19,18040.0,0.108,67,Add OT
2026-07-16,Jul,7,Non-Peak,10.0,14,12554,175756,160965,336721,91,153,910.0,257.2,19894.4,14.3,3.61,1.55,198944,137777,5.89,21010.0,0.1056,62,Add OT
2026-07-17,Jul,7,Non-Peak,10.0,15,12291,184365,137777,322142,77,146,770.0,252.5,16526.1,12.7,2.77,1.83,165261,156881,8.07,16940.0,0.1025,69,Add OT
2026-07-18,Jul,7,Non-Peak,10.0,13,13155,171015,156881,327896,76,149,760.0,267.2,17261.1,14.2,2.63,0.87,172611,155285,7.65,16720.0,0.0969,73,Add OT
2026-07-19,Jul,7,Non-Peak,10.0,10,13787,137870,155285,293155,79,133,790.0,255.6,17163.5,11.8,3.2,1.27,171635,121520,6.02,17380.0,0.1013,54,Add OT
2026-07-20,Jul,7,Non-Peak,10.0,11,13035,143385,121520,264905,89,120,890.0,252.3,19086.5,12.6,1.83,2.16,190865,74040,3.3,20350.0,0.1066,31,Add OT
2026-07-21,Jul,7,Non-Peak,10.0,20,10648,212960,74040,287000,91,130,910.0,269.3,20830.4,14.6,3.12,1.74,208304,78696,3.21,21010.0,0.1009,39,Add OT
2026-07-22,Jul,7,Non-Peak,10.0,11,11286,124146,78696,202842,79,92,790.0,251.3,16874.8,13.1,3.12,0.85,168748,34094,1.72,17380.0,0.103,13,Add OT
2026-07-23,Jul,7,Non-Peak,10.0,16,10390,166240,34094,200334,85,91,850.0,252.6,18250.4,14.8,2.82,2.23,182504,17830,0.83,19030.0,0.1043,6,Labor share
2026-07-24,Jul,7,Non-Peak,10.0,10,11782,117820,17830,135650,81,62,810.0,257.7,13565.0,13.0,1.38,1.64,135650,0,0.0,17820.0,0.1314,-19,Offer VTO
2026-07-25,Jul,7,Non-Peak,10.0,13,12102,157326,0,157326,64,72,640.0,246.5,13409.6,12.9,1.49,2.45,134096,23230,1.47,14080.0,0.105,8,Labor share
2026-07-26,Jul,7,Non-Peak,10.0,18,9834,177012,23230,200242,76,91,760.0,265.2,17131.9,14.4,3.25,2.3,171319,28923,1.44,16720.0,0.0976,15,Add OT
2026-07-27,Jul,7,Non-Peak,10.0,11,13822,152042,28923,180965,80,82,800.0,267.8,18096.5,11.8,2.36,2.01,180965,0,0.0,17600.0,0.0973,2,Use flex-trained team
2026-07-28,Jul,7,Non-Peak,10.0,12,11774,141288,0,141288,96,64,960.0,267.2,14128.8,11.2,3.4,1.62,141288,0,0.0,22660.0,0.1604,-32,Offer VTO
2026-07-29,Jul,7,Non-Peak,10.0,12,11539,138468,0,138468,84,63,840.0,260.5,13846.8,13.2,1.0,1.46,138468,0,0.0,18700.0,0.135,-21,Offer VTO
2026-07-30,Jul,7,Non-Peak,10.0,10,12453,124530,0,124530,76,57,760.0,245.0,12453.0,12.9,3.19,1.4,124530,0,0.0,16720.0,0.1343,-19,Offer VTO
2026-07-31,Jul,7,Non-Peak,10.0,12,11031,132372,0,132372,88,60,880.0,253.8,13237.2,12.4,3.68,2.52,132372,0,0.0,20020.0,0.1512,-28,Offer VTO
2026-08-01,Aug,8,Non-Peak,10.0,12,13478,161736,0,161736,74,74,740.0,254.9,16033.2,12.0,1.87,1.84,160332,1404,0.07,16280.0,0.1015,0,UPF coaching
2026-08-02,Aug,8,Non-Peak,10.0,13,12338,160394,1404,161798,63,74,630.0,268.8,14394.2,13.9,2.9,2.08,143942,17856,1.05,13860.0,0.0963,11,Labor share
2026-08-03,Aug,8,Non-Peak,10.0,12,13932,167184,17856,185040,84,84,840.0,263.4,18504.0,13.9,2.62,1.42,185040,0,0.0,18700.0,0.1011,0,Maintain plan
2026-08-04,Aug,8,Non-Peak,10.0,14,11047,154658,0,154658,76,70,760.0,268.7,15465.8,13.8,3.35,1.16,154658,0,0.0,16720.0,0.1081,-6,Maintain plan
2026-08-05,Aug,8,Non-Peak,10.0,13,12509,162617,0,162617,78,74,780.0,250.6,16261.7,11.6,2.73,2.0,162617,0,0.0,17160.0,0.1055,-4,UPF coaching
2026-08-06,Aug,8,Non-Peak,10.0,10,12419,124190,0,124190,75,57,750.0,248.1,12419.0,11.5,1.87,2.32,124190,0,0.0,16500.0,0.1329,-18,Offer VTO
2026-08-07,Aug,8,Non-Peak,10.0,12,12140,145680,0,145680,80,66,800.0,268.0,14568.0,14.1,3.71,0.7,145680,0,0.0,17600.0,0.1208,-14,Offer VTO
2026-08-08,Aug,8,Non-Peak,10.0,12,13397,160764,0,160764,77,73,770.0,246.6,16076.4,11.0,2.3,1.53,160764,0,0.0,16940.0,0.1054,-4,UPF coaching
2026-08-09,Aug,8,Non-Peak,10.0,13,12053,156689,0,156689,75,71,750.0,264.2,15668.9,13.9,1.91,1.36,156689,0,0.0,16500.0,0.1053,-4,Maintain plan
2026-08-10,Aug,8,Non-Peak,10.0,19,10572,200868,0,200868,76,91,760.0,269.7,17422.6,15.1,2.23,2.26,174226,26642,1.3,16720.0,0.096,15,Add OT
2026-08-11,Aug,8,Non-Peak,10.0,15,12771,191565,26642,218207,89,99,890.0,267.3,20221.2,13.9,2.19,1.51,202212,15995,0.67,20350.0,0.1006,10,Labor share
2026-08-12,Aug,8,Non-Peak,10.0,14,12364,173096,15995,189091,80,86,800.0,250.4,17027.2,12.9,1.65,0.84,170272,18819,0.94,17600.0,0.1034,6,Labor share
2026-08-13,Aug,8,Non-Peak,10.0,14,11674,163436,18819,182255,81,83,810.0,260.1,17907.9,11.3,1.84,2.2,179079,3176,0.15,17820.0,0.0995,2,Use flex-trained team
2026-08-14,Aug,8,Non-Peak,10.0,14,13204,184856,3176,188032,81,86,810.0,247.1,17012.8,13.0,3.81,1.73,170128,17904,0.89,17820.0,0.1047,5,Labor share
2026-08-15,Aug,8,Non-Peak,10.0,16,11933,190928,17904,208832,71,95,710.0,252.8,15256.5,12.4,3.01,1.89,152565,56267,3.13,15620.0,0.1024,24,Add OT
2026-08-16,Aug,8,Non-Peak,10.0,10,12486,124860,56267,181127,79,82,790.0,258.3,17344.8,13.5,2.82,1.63,173448,7679,0.38,17380.0,0.1002,3,Use flex-trained team
2026-08-17,Aug,8,Non-Peak,10.0,11,13269,145959,7679,153638,84,70,840.0,250.8,15363.8,13.1,2.76,1.73,153638,0,0.0,18700.0,0.1217,-14,Offer VTO
2026-08-18,Aug,8,Non-Peak,10.0,13,11850,154050,0,154050,82,70,820.0,258.1,15405.0,12.1,2.76,2.14,154050,0,0.0,18040.0,0.1171,-12,Offer VTO
2026-08-19,Aug,8,Non-Peak,10.0,16,11640,186240,0,186240,81,85,810.0,259.3,17852.8,11.8,3.21,1.84,178528,7712,0.37,17820.0,0.0998,4,Quality audit
2026-08-20,Aug,8,Non-Peak,10.0,13,12913,167869,7712,175581,86,80,860.0,251.5,17558.1,11.8,2.0,2.48,175581,0,0.0,19360.0,0.1103,-6,UPF coaching
2026-08-21,Aug,8,Non-Peak,10.0,16,11699,187184,0,187184,83,85,830.0,256.0,18060.8,11.9,2.92,2.41,180608,6576,0.31,18370.0,0.1017,2,Quality audit
2026-08-22,Aug,8,Non-Peak,10.0,13,13859,180167,6576,186743,79,85,790.0,256.5,17224.0,13.6,2.78,2.11,172240,14503,0.72,17380.0,0.1009,6,Labor share
2026-08-23,Aug,8,Non-Peak,10.0,16,12326,197216,14503,211719,73,96,730.0,260.9,16188.8,12.7,1.6,1.4,161888,49831,2.62,16060.0,0.0992,23,Add OT
2026-08-24,Aug,8,Non-Peak,10.0,13,12400,161200,49831,211031,80,96,800.0,265.5,18054.0,14.5,3.71,1.7,180540,30491,1.44,17600.0,0.0975,16,Add OT
2026-08-25,Aug,8,Non-Peak,10.0,13,13136,170768,30491,201259,76,92,760.0,247.6,15995.0,12.4,2.65,2.08,159950,41309,2.2,16720.0,0.1045,16,Add OT
2026-08-26,Aug,8,Non-Peak,10.0,14,11446,160244,41309,201553,90,92,900.0,263.7,20155.3,14.6,1.37,2.27,201553,0,0.0,20680.0,0.1026,2,Use flex-trained team
2026-08-27,Aug,8,Non-Peak,10.0,12,13338,160056,0,160056,81,73,810.0,263.4,16005.6,13.6,3.68,1.66,160056,0,0.0,17820.0,0.1113,-8,Quality audit
2026-08-28,Aug,8,Non-Peak,10.0,13,14377,186901,0,186901,69,85,690.0,251.2,14732.9,12.7,2.73,1.74,147329,39572,2.28,15180.0,0.103,16,Add OT
2026-08-29,Aug,8,Non-Peak,10.0,14,13485,188790,39572,228362,80,104,800.0,273.9,18625.2,13.2,1.21,1.58,186252,42110,1.92,17600.0,0.0945,24,Add OT
2026-08-30,Aug,8,Non-Peak,10.0,17,11463,194871,42110,236981,72,108,720.0,266.4,16303.7,12.3,1.95,1.74,163037,73944,3.86,15840.0,0.0972,36,Add OT
2026-08-31,Aug,8,Non-Peak,10.0,11,11384,125224,73944,199168,85,91,850.0,260.7,18835.6,12.5,1.24,1.61,188356,10812,0.49,19030.0,0.101,6,Labor share
2026-09-01,Sep,9,Non-Peak,10.0,17,11790,200430,10812,211242,74,96,740.0,255.3,16058.4,12.7,3.01,1.9,160584,50658,2.68,16280.0,0.1014,22,Add OT
2026-09-02,Sep,9,Non-Peak,10.0,9,13012,117108,50658,167766,74,76,740.0,246.4,15498.6,12.2,2.42,1.75,154986,12780,0.7,16280.0,0.105,2,UPF coaching
2026-09-03,Sep,9,Non-Peak,10.0,13,11812,153556,12780,166336,84,76,840.0,249.3,16633.6,12.8,3.3,1.58,166336,0,0.0,18700.0,0.1124,-8,Maintain plan
2026-09-04,Sep,9,Non-Peak,10.0,17,12128,206176,0,206176,78,94,780.0,260.2,17251.3,12.9,2.12,1.73,172513,33663,1.66,17160.0,0.0995,16,Add OT
2026-09-05,Sep,9,Non-Peak,10.0,12,11491,137892,33663,171555,72,78,720.0,268.4,16426.1,14.3,1.94,1.65,164261,7294,0.38,15840.0,0.0964,6,Labor share
2026-09-06,Sep,9,Non-Peak,10.0,10,12931,129310,7294,136604,78,62,780.0,248.8,13660.4,13.3,2.06,2.66,136604,0,0.0,17160.0,0.1256,-16,Offer VTO
2026-09-07,Sep,9,Non-Peak,10.0,13,12170,158210,0,158210,92,72,920.0,270.0,15821.0,14.3,2.94,1.84,158210,0,0.0,21340.0,0.1349,-20,Offer VTO
2026-09-08,Sep,9,Non-Peak,10.0,6,13751,82506,0,82506,84,38,840.0,263.0,8250.6,13.0,2.25,1.78,82506,0,0.0,18700.0,0.2267,-46,Offer VTO
2026-09-09,Sep,9,Non-Peak,10.0,14,12210,170940,0,170940,82,78,820.0,264.6,17094.0,13.2,1.36,1.02,170940,0,0.0,18040.0,0.1055,-4,Maintain plan
2026-09-10,Sep,9,Non-Peak,10.0,9,14139,127251,0,127251,77,58,770.0,255.8,12725.1,14.1,3.32,1.95,127251,0,0.0,16940.0,0.1331,-19,Offer VTO
2026-09-11,Sep,9,Non-Peak,10.0,11,12267,134937,0,134937,82,62,820.0,274.4,13493.7,13.1,1.7,1.8,134937,0,0.0,18040.0,0.1337,-20,Offer VTO
2026-09-12,Sep,9,Non-Peak,10.0,14,11146,156044,0,156044,76,71,760.0,269.6,15604.4,14.4,1.93,1.09,156044,0,0.0,16720.0,0.1071,-5,Maintain plan
2026-09-13,Sep,9,Non-Peak,10.0,17,12503,212551,0,212551,75,97,750.0,267.0,17021.2,11.5,1.37,2.29,170212,42339,2.11,16500.0,0.0969,22,Add OT
2026-09-14,Sep,9,Non-Peak,10.0,13,10923,141999,42339,184338,78,84,780.0,240.1,15918.6,11.6,3.07,2.09,159186,25152,1.34,17160.0,0.1078,6,Labor share
2026-09-15,Sep,9,Non-Peak,10.0,14,11659,163226,25152,188378,81,86,810.0,262.2,18052.5,12.7,1.29,1.59,180525,7853,0.37,17820.0,0.0987,5,Labor share
2026-09-16,Sep,9,Non-Peak,10.0,12,11261,135132,7853,142985,78,65,780.0,253.0,14298.5,12.0,2.23,1.35,142985,0,0.0,17160.0,0.12,-13,Offer VTO
2026-09-17,Sep,9,Non-Peak,10.0,13,12392,161096,0,161096,82,73,820.0,267.4,16109.6,13.0,3.62,1.83,161096,0,0.0,18040.0,0.112,-9,Quality audit
2026-09-18,Sep,9,Non-Peak,10.0,10,13005,130050,0,130050,79,59,790.0,267.6,13005.0,14.1,3.35,1.86,130050,0,0.0,17380.0,0.1336,-20,Offer VTO
2026-09-19,Sep,9,Non-Peak,10.0,19,12287,233453,0,233453,72,106,720.0,253.2,15495.8,12.6,3.0,2.19,154958,78495,4.31,15840.0,0.1022,34,Add OT
2026-09-20,Sep,9,Non-Peak,10.0,13,12394,161122,78495,239617,78,109,780.0,245.2,16256.8,12.9,3.24,1.2,162568,77049,4.03,17160.0,0.1056,31,Add OT
2026-09-21,Sep,9,Non-Peak,10.0,22,11136,244992,77049,322041,78,146,780.0,268.5,17801.6,14.5,2.11,0.5,178016,144025,6.88,17160.0,0.0964,68,Add OT
2026-09-22,Sep,9,Non-Peak,10.0,13,11536,149968,144025,293993,76,134,760.0,265.1,17125.5,12.6,1.9,1.81,171255,122738,6.09,16720.0,0.0976,58,Add OT
2026-09-23,Sep,9,Non-Peak,10.0,17,11281,191777,122738,314515,86,143,860.0,267.7,19568.9,13.6,3.3,1.93,195689,118826,5.16,19360.0,0.0989,57,Add OT
2026-09-24,Sep,9,Non-Peak,10.0,8,13204,105632,118826,224458,80,102,800.0,266.9,18149.2,12.4,2.36,2.02,181492,42966,2.01,17600.0,0.097,22,Add OT
2026-09-25,Sep,9,Non-Peak,10.0,14,12086,169204,42966,212170,78,97,780.0,265.0,17569.5,13.8,2.79,0.86,175695,36475,1.76,17160.0,0.0977,19,Add OT
2026-09-26,Sep,9,Non-Peak,10.0,9,14215,127935,36475,164410,77,75,770.0,256.3,16441.0,11.1,2.85,1.74,164410,0,0.0,16940.0,0.103,-2,UPF coaching
2026-09-27,Sep,9,Non-Peak,10.0,14,12147,170058,0,170058,79,77,790.0,265.7,17005.8,13.6,3.39,1.3,170058,0,0.0,17380.0,0.1022,-2,Maintain plan
2026-09-28,Sep,9,Non-Peak,10.0,10,11845,118450,0,118450,79,54,790.0,263.9,11845.0,14.9,1.77,0.95,118450,0,0.0,17380.0,0.1467,-25,Offer VTO
2026-09-29,Sep,9,Non-Peak,10.0,12,13720,164640,0,164640,84,75,840.0,250.8,16464.0,12.2,2.7,1.77,164640,0,0.0,18700.0,0.1136,-9,UPF coaching
2026-09-30,Sep,9,Non-Peak,10.0,11,11814,129954,0,129954,83,59,830.0,253.1,12995.4,11.9,3.11,2.37,129954,0,0.0,18370.0,0.1414,-24,Offer VTO
2026-10-01,Oct,10,Peak,10.0,30,13321,399630,0,399630,170,181,1700.0,245.6,35489.2,11.4,3.15,1.89,354892,44738,1.07,37400.0,0.1054,11,Labor share
2026-10-02,Oct,10,Peak,10.0,28,13865,388220,44738,432958,181,196,1810.0,245.3,37739.4,11.7,4.47,1.93,377394,55564,1.25,40810.0,0.1081,15,Add OT
2026-10-03,Oct,10,Peak,10.0,23,11451,263373,55564,318937,167,145,1670.0,259.6,31893.7,13.7,3.48,0.98,318937,0,0.0,36740.0,0.1152,-22,Offer VTO
2026-10-04,Oct,10,Peak,10.0,30,13267,398010,0,398010,169,181,1690.0,264.0,37923.6,13.0,2.99,0.95,379236,18774,0.42,37180.0,0.098,12,Add OT
2026-10-05,Oct,10,Peak,10.0,29,14376,416904,18774,435678,172,198,1720.0,256.6,37514.9,12.7,2.31,2.2,375149,60529,1.37,37840.0,0.1009,26,Add OT
2026-10-06,Oct,10,Peak,10.0,36,12846,462456,60529,522985,176,237,1760.0,258.5,38671.6,10.9,3.3,2.2,386716,136269,3.0,39160.0,0.1013,61,Add OT
2026-10-07,Oct,10,Peak,10.0,33,11939,393987,136269,530256,181,240,1810.0,276.9,42601.1,14.4,1.0,1.1,426011,104245,2.08,40810.0,0.0958,59,Add OT
2026-10-08,Oct,10,Peak,10.0,28,12425,347900,104245,452145,177,205,1770.0,254.8,38334.7,12.9,1.96,1.25,383347,68798,1.53,39490.0,0.103,28,Add OT
2026-10-09,Oct,10,Peak,10.0,28,10879,304612,68798,373410,170,169,1700.0,252.6,36500.7,11.9,2.12,1.94,365007,8403,0.2,37400.0,0.1025,-1,UPF coaching
2026-10-10,Oct,10,Peak,10.0,20,12330,246600,8403,255003,161,116,1610.0,266.3,25500.3,15.0,3.04,1.74,255003,0,0.0,35420.0,0.1389,-45,Offer VTO
2026-10-11,Oct,10,Peak,10.0,34,12345,419730,0,419730,168,190,1680.0,263.5,37627.8,13.0,3.14,0.79,376278,43452,0.98,36960.0,0.0982,22,Add OT
2026-10-12,Oct,10,Peak,10.0,17,13055,221935,43452,265387,162,121,1620.0,243.5,26538.7,10.3,2.8,2.21,265387,0,0.0,35640.0,0.1343,-41,Offer VTO
2026-10-13,Oct,10,Peak,10.0,36,12271,441756,0,441756,182,200,1820.0,261.4,40438.6,12.0,3.02,1.14,404386,37370,0.79,41140.0,0.1017,18,Add OT
2026-10-14,Oct,10,Peak,10.0,27,12358,333666,37370,371036,173,168,1730.0,261.4,37103.6,13.8,2.77,1.78,371036,0,0.0,38170.0,0.1029,-5,Maintain plan
2026-10-15,Oct,10,Peak,10.0,18,14933,268794,0,268794,170,122,1700.0,264.3,26879.4,13.3,3.24,0.85,268794,0,0.0,37400.0,0.1391,-48,Offer VTO
2026-10-16,Oct,10,Peak,10.0,37,12272,454064,0,454064,173,206,1730.0,266.2,39144.7,13.5,2.23,1.56,391447,62617,1.36,38170.0,0.0975,33,Add OT
2026-10-17,Oct,10,Peak,10.0,29,13664,396256,62617,458873,161,208,1610.0,262.1,35868.4,11.4,3.41,1.55,358684,100189,2.37,35420.0,0.0987,47,Add OT
2026-10-18,Oct,10,Peak,10.0,23,11429,262867,100189,363056,161,165,1610.0,254.3,34801.0,12.5,3.18,2.2,348010,15046,0.37,35420.0,0.1018,4,Quality audit
2026-10-19,Oct,10,Peak,10.0,25,12033,300825,15046,315871,170,143,1700.0,267.9,31587.1,14.8,2.76,1.15,315871,0,0.0,37400.0,0.1184,-27,Offer VTO
2026-10-20,Oct,10,Peak,10.0,29,11371,329759,0,329759,170,150,1700.0,255.3,32975.9,13.4,3.15,1.51,329759,0,0.0,37400.0,0.1134,-20,Offer VTO
2026-10-21,Oct,10,Peak,10.0,28,13390,374920,0,374920,165,170,1650.0,255.9,35890.0,13.7,2.89,1.92,358900,16020,0.38,36300.0,0.1011,5,Labor share
2026-10-22,Oct,10,Peak,10.0,20,12919,258380,16020,274400,171,125,1710.0,248.0,27440.0,12.4,3.3,2.12,274400,0,0.0,37620.0,0.1371,-46,Offer VTO
2026-10-23,Oct,10,Peak,10.0,43,11216,482288,0,482288,177,219,1770.0,270.1,40636.5,13.4,2.87,1.22,406365,75923,1.59,39490.0,0.0972,42,Add OT
2026-10-24,Oct,10,Peak,10.0,31,10714,332134,75923,408057,172,185,1720.0,252.4,36900.9,13.9,2.44,1.73,369009,39048,0.9,37840.0,0.1025,13,Add OT
2026-10-25,Oct,10,Peak,10.0,28,12521,350588,39048,389636,158,177,1580.0,269.0,36126.7,12.6,2.43,1.79,361267,28369,0.67,34760.0,0.0962,19,Add OT
2026-10-26,Oct,10,Peak,10.0,30,13056,391680,28369,420049,159,191,1590.0,255.1,34476.8,13.9,1.98,1.72,344768,75281,1.86,34980.0,0.1015,32,Add OT
2026-10-27,Oct,10,Peak,10.0,29,12437,360673,75281,435954,186,198,1860.0,256.8,40600.1,9.9,3.42,0.95,406001,29953,0.63,42460.0,0.1046,12,Add OT
2026-10-28,Oct,10,Peak,10.0,26,14166,368316,29953,398269,168,181,1680.0,261.4,37327.9,13.4,3.03,1.16,373279,24990,0.57,36960.0,0.099,13,Add OT
2026-10-29,Oct,10,Peak,10.0,30,12148,364440,24990,389430,177,177,1770.0,245.1,36875.3,11.2,2.6,2.02,368753,20677,0.48,39490.0,0.1071,0,UPF coaching
2026-10-30,Oct,10,Peak,10.0,30,11386,341580,20677,362257,160,164,1600.0,253.9,34530.4,12.2,1.87,1.76,345304,16953,0.42,35200.0,0.1019,4,UPF coaching
2026-10-31,Oct,10,Peak,10.0,29,12261,355569,16953,372522,162,169,1620.0,274.3,37252.2,14.2,3.28,1.06,372522,0,0.0,35640.0,0.0957,7,Labor share
2026-11-01,Nov,11,Peak,10.0,35,11327,396445,0,396445,170,180,1700.0,268.2,38754.9,12.8,2.43,1.89,387549,8896,0.2,37400.0,0.0965,10,Labor share
2026-11-02,Nov,11,Peak,10.0,39,10442,407238,8896,416134,180,189,1800.0,258.8,39596.4,12.1,2.7,1.65,395964,20170,0.43,40480.0,0.1022,9,Labor share
2026-11-03,Nov,11,Peak,10.0,24,12606,302544,20170,322714,177,147,1770.0,266.3,32271.4,13.8,1.83,1.89,322714,0,0.0,39490.0,0.1224,-30,Offer VTO
2026-11-04,Nov,11,Peak,10.0,34,11380,386920,0,386920,178,176,1780.0,256.5,38692.0,12.1,3.19,1.87,386920,0,0.0,39820.0,0.1029,-2,Quality audit
2026-11-05,Nov,11,Peak,10.0,22,11284,248248,0,248248,167,113,1670.0,262.8,24824.8,10.7,3.51,1.42,248248,0,0.0,36740.0,0.148,-54,Offer VTO
2026-11-06,Nov,11,Peak,10.0,30,12188,365640,0,365640,180,166,1800.0,246.9,36564.0,11.9,2.55,1.32,365640,0,0.0,40480.0,0.1107,-14,Offer VTO
2026-11-07,Nov,11,Peak,10.0,22,11366,250052,0,250052,158,114,1580.0,264.9,25005.2,13.7,2.6,1.29,250052,0,0.0,34760.0,0.139,-44,Offer VTO
2026-11-08,Nov,11,Peak,10.0,24,12810,307440,0,307440,173,140,1730.0,265.5,30744.0,13.1,2.48,1.51,307440,0,0.0,38170.0,0.1242,-33,Offer VTO
2026-11-09,Nov,11,Peak,10.0,31,12584,390104,0,390104,180,177,1800.0,249.8,38219.4,13.3,2.0,2.06,382194,7910,0.18,40480.0,0.1059,-3,Maintain plan
2026-11-10,Nov,11,Peak,10.0,27,13206,356562,7910,364472,184,165,1840.0,255.7,36447.2,12.0,2.76,1.81,364472,0,0.0,41800.0,0.1147,-19,Offer VTO
2026-11-11,Nov,11,Peak,10.0,36,10998,395928,0,395928,171,180,1710.0,277.7,39592.8,14.7,2.1,1.72,395928,0,0.0,37620.0,0.095,9,Labor share
2026-11-12,Nov,11,Peak,10.0,28,12301,344428,0,344428,183,156,1830.0,266.0,34442.8,11.7,2.26,1.44,344428,0,0.0,41470.0,0.1204,-27,Offer VTO
2026-11-13,Nov,11,Peak,10.0,34,11653,396202,0,396202,181,180,1810.0,247.6,38093.3,13.0,2.63,0.55,380933,15269,0.34,40810.0,0.1071,-1,Maintain plan
2026-11-14,Nov,11,Peak,10.0,24,13071,313704,15269,328973,184,149,1840.0,264.1,32897.3,14.5,3.0,1.1,328973,0,0.0,41800.0,0.1271,-35,Offer VTO
2026-11-15,Nov,11,Peak,10.0,26,12069,313794,0,313794,155,142,1550.0,258.0,31379.4,11.1,3.03,2.14,313794,0,0.0,34100.0,0.1087,-13,Offer VTO
2026-11-16,Nov,11,Peak,10.0,33,10220,337260,0,337260,181,153,1810.0,269.8,33726.0,14.4,3.02,1.56,337260,0,0.0,40810.0,0.121,-28,Offer VTO
2026-11-17,Nov,11,Peak,10.0,29,13928,403912,0,403912,179,183,1790.0,246.0,37428.9,11.9,2.75,2.23,374289,29623,0.67,40150.0,0.1073,4,UPF coaching
2026-11-18,Nov,11,Peak,10.0,27,11567,312309,29623,341932,168,155,1680.0,264.4,34193.2,12.2,2.68,1.53,341932,0,0.0,36960.0,0.1081,-13,Offer VTO
2026-11-19,Nov,11,Peak,10.0,39,11110,433290,0,433290,191,197,1910.0,266.9,43329.0,11.5,2.56,1.67,433290,0,0.0,44110.0,0.1018,6,Labor share
2026-11-20,Nov,11,Peak,10.0,25,12067,301675,0,301675,172,137,1720.0,262.3,30167.5,14.9,3.07,1.0,301675,0,0.0,37840.0,0.1254,-35,Offer VTO
2026-11-21,Nov,11,Peak,10.0,23,12863,295849,0,295849,159,134,1590.0,246.9,29584.9,13.5,2.54,2.19,295849,0,0.0,34980.0,0.1182,-25,Offer VTO
2026-11-22,Nov,11,Peak,10.0,37,11742,434454,0,434454,159,197,1590.0,245.7,33206.4,11.2,2.22,1.97,332064,102390,2.62,34980.0,0.1053,38,Add OT
2026-11-23,Nov,11,Peak,10.0,33,10929,360657,102390,463047,164,210,1640.0,256.3,35728.2,14.4,2.82,1.8,357282,105765,2.52,36080.0,0.101,46,Add OT
2026-11-24,Nov,11,Peak,10.0,31,11485,356035,105765,461800,187,209,1870.0,265.8,42248.9,14.2,3.02,1.65,422489,39311,0.79,42790.0,0.1013,22,Add OT
2026-11-25,Nov,11,Peak,10.0,25,14154,353850,39311,393161,167,178,1670.0,271.8,38582.0,13.7,2.43,1.32,385820,7341,0.16,36740.0,0.0952,11,Labor share
2026-11-26,Nov,11,Peak,10.0,34,11624,395216,7341,402557,187,183,1870.0,250.6,39832.9,11.5,3.59,1.62,398329,4228,0.09,42790.0,0.1074,-4,Quality audit
2026-11-27,Nov,11,Peak,10.0,26,13414,348764,4228,352992,179,160,1790.0,255.8,35299.2,12.7,2.72,1.1,352992,0,0.0,40150.0,0.1137,-19,Offer VTO
2026-11-28,Nov,11,Peak,10.0,28,12001,336028,0,336028,161,153,1610.0,247.9,33602.8,13.2,2.56,1.53,336028,0,0.0,35420.0,0.1054,-8,Maintain plan
2026-11-29,Nov,11,Peak,10.0,24,12704,304896,0,304896,162,138,1620.0,272.0,30489.6,14.2,3.5,1.16,304896,0,0.0,35640.0,0.1169,-24,Offer VTO
2026-11-30,Nov,11,Peak,10.0,21,14798,310758,0,310758,161,141,1610.0,254.8,31075.8,13.7,2.94,1.6,310758,0,0.0,35420.0,0.114,-20,Offer VTO
2026-12-01,Dec,12,Peak,10.0,25,13316,332900,0,332900,174,151,1740.0,254.8,33290.0,12.1,2.65,1.45,332900,0,0.0,38500.0,0.1157,-23,Offer VTO
2026-12-02,Dec,12,Peak,10.0,15,13488,202320,0,202320,178,92,1780.0,245.7,20232.0,10.6,2.61,1.46,202320,0,0.0,39820.0,0.1968,-86,Offer VTO
2026-12-03,Dec,12,Peak,10.0,44,10986,483384,0,483384,178,219,1780.0,254.0,38430.2,14.6,3.8,2.11,384302,99082,2.19,39820.0,0.1036,41,Add OT
2026-12-04,Dec,12,Peak,10.0,25,13345,333625,99082,432707,169,196,1690.0,262.1,37650.7,13.5,2.9,1.73,376507,56200,1.27,37180.0,0.0987,27,Add OT
2026-12-05,Dec,12,Peak,10.0,32,11160,357120,56200,413320,167,188,1670.0,260.7,37006.4,10.7,3.0,1.98,370064,43256,0.99,36740.0,0.0993,21,Add OT
2026-12-06,Dec,12,Peak,10.0,33,12734,420222,43256,463478,157,210,1570.0,255.1,34043.1,11.7,2.67,2.3,340431,123047,3.07,34540.0,0.1015,53,Add OT
2026-12-07,Dec,12,Peak,10.0,29,12097,350813,123047,473860,186,215,1860.0,240.8,38070.5,10.7,2.54,2.14,380705,93155,2.08,42460.0,0.1115,29,Add OT
2026-12-08,Dec,12,Peak,10.0,36,10818,389448,93155,482603,169,219,1690.0,254.6,36573.3,13.0,2.08,1.4,365733,116870,2.72,37180.0,0.1017,50,Add OT
2026-12-09,Dec,12,Peak,10.0,21,13333,279993,116870,396863,168,180,1680.0,258.5,36913.8,13.0,2.54,1.82,369138,27725,0.64,36960.0,0.1001,12,Add OT
2026-12-10,Dec,12,Peak,10.0,28,11790,330120,27725,357845,158,162,1580.0,264.4,35508.9,10.9,1.41,1.31,355089,2756,0.07,34760.0,0.0979,4,Use flex-trained team
2026-12-11,Dec,12,Peak,10.0,24,12875,309000,2756,311756,180,142,1800.0,264.1,31175.6,12.1,1.57,1.61,311756,0,0.0,40480.0,0.1298,-38,Offer VTO
2026-12-12,Dec,12,Peak,10.0,29,12519,363051,0,363051,170,165,1700.0,248.5,35908.2,11.9,2.56,1.24,359082,3969,0.09,37400.0,0.1042,-5,UPF coaching
2026-12-13,Dec,12,Peak,10.0,24,12844,308256,3969,312225,169,142,1690.0,268.4,31222.5,13.4,2.32,1.32,312225,0,0.0,37180.0,0.1191,-27,Offer VTO
2026-12-14,Dec,12,Peak,10.0,27,13933,376191,0,376191,178,171,1780.0,271.3,37619.1,14.1,2.23,1.09,376191,0,0.0,39820.0,0.1059,-7,Maintain plan
2026-12-15,Dec,12,Peak,10.0,31,12349,382819,0,382819,185,174,1850.0,271.4,38281.9,14.5,1.87,1.73,382819,0,0.0,42130.0,0.1101,-11,Offer VTO
2026-12-16,Dec,12,Peak,10.0,22,14583,320826,0,320826,177,146,1770.0,261.3,32082.6,12.1,1.9,1.9,320826,0,0.0,39490.0,0.1231,-31,Offer VTO
2026-12-17,Dec,12,Peak,10.0,28,13384,374752,0,374752,169,170,1690.0,256.1,36788.8,13.9,2.28,1.75,367888,6864,0.16,37180.0,0.1011,1,Maintain plan
2026-12-18,Dec,12,Peak,10.0,28,12813,358764,6864,365628,167,166,1670.0,262.4,36562.8,14.7,3.67,1.8,365628,0,0.0,36740.0,0.1005,-1,Quality audit
2026-12-19,Dec,12,Peak,10.0,29,11321,328309,0,328309,159,149,1590.0,264.7,32830.9,15.1,2.83,2.13,328309,0,0.0,34980.0,0.1065,-10,Offer VTO
2026-12-20,Dec,12,Peak,10.0,25,13390,334750,0,334750,180,152,1800.0,256.6,33475.0,13.3,3.37,1.2,334750,0,0.0,40480.0,0.1209,-28,Offer VTO
2026-12-21,Dec,12,Peak,10.0,28,10950,306600,0,306600,178,139,1780.0,276.3,30660.0,14.7,1.85,2.18,306600,0,0.0,39820.0,0.1299,-39,Offer VTO
2026-12-22,Dec,12,Peak,10.0,27,10978,296406,0,296406,172,135,1720.0,253.4,29640.6,13.5,3.33,1.92,296406,0,0.0,37840.0,0.1277,-37,Offer VTO
2026-12-23,Dec,12,Peak,10.0,29,10699,310271,0,310271,175,141,1750.0,270.1,31027.1,14.3,1.81,1.17,310271,0,0.0,38830.0,0.1251,-34,Offer VTO
2026-12-24,Dec,12,Peak,10.0,34,12232,415888,0,415888,158,189,1580.0,259.5,34850.8,12.3,3.41,1.24,348508,67380,1.64,34760.0,0.0997,31,Add OT
2026-12-25,Dec,12,Peak,10.0,31,11035,342085,67380,409465,173,186,1730.0,261.1,38394.8,12.7,3.37,1.26,383948,25517,0.56,38170.0,0.0994,13,Add OT
2026-12-26,Dec,12,Peak,10.0,34,10294,349996,25517,375513,155,170,1550.0,254.1,33477.7,13.6,2.77,1.45,334777,40736,1.03,34100.0,0.1019,15,Add OT
2026-12-27,Dec,12,Peak,10.0,27,10913,294651,40736,335387,176,152,1760.0,259.6,33538.7,12.8,2.01,1.82,335387,0,0.0,39160.0,0.1168,-24,Offer VTO
2026-12-28,Dec,12,Peak,10.0,33,13518,446094,0,446094,147,202,1470.0,274.2,34261.3,13.9,1.57,1.78,342613,103481,2.57,32340.0,0.0944,55,Add OT
2026-12-29,Dec,12,Peak,10.0,36,12640,455040,103481,558521,179,253,1790.0,257.9,39239.5,10.6,2.74,2.07,392395,166126,3.6,40150.0,0.1023,74,Add OT
2026-12-30,Dec,12,Peak,10.0,29,11938,346202,166126,512328,170,232,1700.0,267.2,38610.4,14.0,2.95,1.78,386104,126224,2.78,37400.0,0.0969,62,Add OT
2026-12-31,Dec,12,Peak,10.0,36,12386,445896,126224,572120,158,259,1580.0,241.6,32446.9,10.5,2.12,2.14,324469,247651,6.49,34760.0,0.1071,101,Add OT
